OrderStatus,total_orders,total_revenue
Cancelled,250,276396.20999999996
Returned,247,243277.70000000013
Pending,237,256328.15000000002
Shipped,235,246159.57999999987
Delivered,231,242600.31999999998
