PaymentMethod,total_orders,total_revenue
Credit Card,234,263847.6299999999
Online,258,262442.9400000001
Cash,246,259786.28999999992
Gift Card,230,246323.9200000001
Debit Card,232,232361.17999999996
