Product,total_orders,total_quantity_sold,total_revenue,average_revenue
Chair,178,562,195620.11000000002,1098.989382022472
Printer,181,542,195612.60999999996,1080.7326519337014
Laptop,173,535,192126.55999999994,1110.558150289017
Tablet,179,497,186568.95000000007,1042.2846368715088
Monitor,163,480,175651.40999999997,1077.6160122699384
Desk,170,508,167459.93,985.0584117647059
Phone,156,411,151722.39,972.5794230769231
